Workbook

Sheet Instructions
B2: Order, Operation & Machine Tracker — How to Use
B4: PURPOSE
B5: For every part, see exactly which operations are done, which are left, which machine each
B6: needs, and how many days behind schedule it is — so anyone can pick this up if you're not there.
B8: SHEETS
B9: 1. Parts Tracker — one row per PART, with 4 operation blocks (Laser Cutting / Bending / Welding / QC).
B10: Leave an operation's Planned Date BLANK if that part doesn't need that operation at all.
B11: 2. Project Summary — rolls up each order: parts remaining, bottleneck part, days to dispatch.
B12: 3. Machine Load — shows queued parts per machine so you know where to send the next job.
B14: HOW A PART ROW WORKS
B15: - Fill Machine + Planned Date for every operation THIS part actually needs. Leave others blank.
B16: - 'Remaining Operations' auto-lists whatever isn't marked done yet, e.g. 'Welding, QC'.
... B31: This sheet, the sample rows, and formulas can be edited freely — this is your working file.

Sheet Parts Tracker
F1: Laser Cutting | J1: Bending | M1: Welding | P1: QC
A2: Order No | B2: Project Name | C2: Customer | D2: Part No | E2: Part Name | F2: Machine | G2: Sourcing Method | H2: Planned Date | I2: Actual Completion | J2: Machine | K2: Planned Date | L2: Actual Completion | M2: Machine | N2: Planned Date | O2: Actual Completion | P2: Machine | Q2: Planned Date | R2: Actual Completion | S2: Final Planned Dispatch | T2: Remaining Operations | U2: Next Operation Due | V2: Next Op Due Date | W2: Days Behind | X2: Part Status | Y2: Bottleneck Flag | Z2: _MatchKey | AA2: _DoneFlag
A3: GDJ-2601 | B3: Godrej Almirah Line | C3: Godrej | D3: P07 | E3: Door Panel L | F3: Laser-1 | G3: In-House | H3: 46275 | I3: 46277 | M3: Weld-3 | N3: 46277 | O3: 46279 | P3: - | Q3: 46278 | R3: 46280 | S3: =MAX(H3,K3,N3,Q3) -> 46278 | T3: =IF(LEN(IF(AND(H3<>"",I3=""),"Laser Cutting, ","")&IF(AND(K3<>"",L3=""),"Bending, ","")&IF(AND(N3<>"",O3=""),"Welding, ","")&IF(AND(Q3<>"",R3=""),"QC, ",""))=0,"✅ All Done",LEFT((IF(AND(H3<>"",I3=""),"Laser Cutting, ","")&IF(AND(K3<>"",L3=""),"Bending, ","")&IF(AND(N3<>"",O3=""),"Welding, ","")&IF(AND(Q3<>"",R3=""),"QC, ","")),LEN(IF(AND(H3<>"",I3=""),"Laser Cutting, ","")&IF(AND(K3<>"",L3=""),"Bending, ","")&IF(AND(N3<>"",O3=""),"Welding, ","")&IF(AND(Q3<>"",R3=""),"QC, ",""))-2)) -> ✅ All Done | U3: =IF(AND(H3<>"",I3=""),"Laser Cutting",IF(AND(K3<>"",L3=""),"Bending",IF(AND(N3<>"",O3=""),"Welding",IF(AND(Q3<>"",R3=""),"QC","✅ All Done")))) -> ✅ All Done | V3: =IF(AND(H3<>"",I3=""),H3,IF(AND(K3<>"",L3=""),K3,IF(AND(N3<>"",O3=""),N3,IF(AND(Q3<>"",R3=""),Q3,"")))) | W3: =IF(U3="✅ All Done","",IF(TODAY()>V3,TODAY()-V3,0)) | X3: =IF(U3="✅ All Done","✅ Ready for Dispatch",IF(W3>0,"🔴 Delayed",IF(V3-TODAY()<=2,"🟠 At Risk","🟢 On Track"))) -> ✅ Ready for Dispatch | Y3: =IF(AND(AA3=0,S3=_xlfn.MAXIFS($S$3:$S$14,$B$3:$B$14,B3,$AA$3:$AA$14,0)),"⚠ Bottleneck","") | Z3: =B3&IF(Y3="⚠ Bottleneck","|BN","") -> Godrej Almirah Line | AA3: =IF(U3="✅ All Done",1,0) -> 1
A4: GDJ-2601 | B4: Godrej Almirah Line | C4: Godrej | D4: P08 | E4: Door Panel R | F4: Laser-1 | G4: In-House | H4: 46276 | I4: 46276 | M4: Weld-1 | N4: 46279 | O4: 46279 | P4: - | Q4: 46280 | R4: 46280 | S4: =MAX(H4,K4,N4,Q4) -> 46280 | T4: =IF(LEN(IF(AND(H4<>"",I4=""),"Laser Cutting, ","")&IF(AND(K4<>"",L4=""),"Bending, ","")&IF(AND(N4<>"",O4=""),"Welding, ","")&IF(AND(Q4<>"",R4=""),"QC, ",""))=0,"✅ All Done",LEFT((IF(AND(H4<>"",I4=""),"Laser Cutting, ","")&IF(AND(K4<>"",L4=""),"Bending, ","")&IF(AND(N4<>"",O4=""),"Welding, ","")&IF(AND(Q4<>"",R4=""),"QC, ","")),LEN(IF(AND(H4<>"",I4=""),"Laser Cutting, ","")&IF(AND(K4<>"",L4=""),"Bending, ","")&IF(AND(N4<>"",O4=""),"Welding, ","")&IF(AND(Q4<>"",R4=""),"QC, ",""))-2)) -> ✅ All Done | U4: =IF(AND(H4<>"",I4=""),"Laser Cutting",IF(AND(K4<>"",L4=""),"Bending",IF(AND(N4<>"",O4=""),"Welding",IF(AND(Q4<>"",R4=""),"QC","✅ All Done")))) -> ✅ All Done | V4: =IF(AND(H4<>"",I4=""),H4,IF(AND(K4<>"",L4=""),K4,IF(AND(N4<>"",O4=""),N4,IF(AND(Q4<>"",R4=""),Q4,"")))) | W4: =IF(U4="✅ All Done","",IF(TODAY()>V4,TODAY()-V4,0)) | X4: =IF(U4="✅ All Done","✅ Ready for Dispatch",IF(W4>0,"🔴 Delayed",IF(V4-TODAY()<=2,"🟠 At Risk","🟢 On Track"))) -> ✅ Ready for Dispatch | Y4: =IF(AND(AA4=0,S4=_xlfn.MAXIFS($S$3:$S$14,$B$3:$B$14,B4,$AA$3:$AA$14,0)),"⚠ Bottleneck","") | Z4: =B4&IF(Y4="⚠ Bottleneck","|BN","") -> Godrej Almirah Line | AA4: =IF(U4="✅ All Done",1,0) -> 1
A5: GDJ-2601 | B5: Godrej Almirah Line | C5: Godrej | D5: P04 | E5: Top Cover | F5: Laser-2 | G5: In-House | H5: 46273 | I5: 46274 | J5: Bend-1 | K5: 46277 | L5: 46278 | P5: - | Q5: 46278 | R5: 46280 | S5: =MAX(H5,K5,N5,Q5) -> 46278 | T5: =IF(LEN(IF(AND(H5<>"",I5=""),"Laser Cutting, ","")&IF(AND(K5<>"",L5=""),"Bending, ","")&IF(AND(N5<>"",O5=""),"Welding, ","")&IF(AND(Q5<>"",R5=""),"QC, ",""))=0,"✅ All Done",LEFT((IF(AND(H5<>"",I5=""),"Laser Cutting, ","")&IF(AND(K5<>"",L5=""),"Bending, ","")&IF(AND(N5<>"",O5=""),"Welding, ","")&IF(AND(Q5<>"",R5=""),"QC, ","")),LEN(IF(AND(H5<>"",I5=""),"Laser Cutting, ","")&IF(AND(K5<>"",L5=""),"Bending, ","")&IF(AND(N5<>"",O5=""),"Welding, ","")&IF(AND(Q5<>"",R5=""),"QC, ",""))-2)) -> ✅ All Done | U5: =IF(AND(H5<>"",I5=""),"Laser Cutting",IF(AND(K5<>"",L5=""),"Bending",IF(AND(N5<>"",O5=""),"Welding",IF(AND(Q5<>"",R5=""),"QC","✅ All Done")))) -> ✅ All Done | V5: =IF(AND(H5<>"",I5=""),H5,IF(AND(K5<>"",L5=""),K5,IF(AND(N5<>"",O5=""),N5,IF(AND(Q5<>"",R5=""),Q5,"")))) | W5: =IF(U5="✅ All Done","",IF(TODAY()>V5,TODAY()-V5,0)) | X5: =IF(U5="✅ All Done","✅ Ready for Dispatch",IF(W5>0,"🔴 Delayed",IF(V5-TODAY()<=2,"🟠 At Risk","🟢 On Track"))) -> ✅ Ready for Dispatch | Y5: =IF(AND(AA5=0,S5=_xlfn.MAXIFS($S$3:$S$14,$B$3:$B$14,B5,$AA$3:$AA$14,0)),"⚠ Bottleneck","") | Z5: =B5&IF(Y5="⚠ Bottleneck","|BN","") -> Godrej Almirah Line | AA5: =IF(U5="✅ All Done",1,0) -> 1
A6: GDJ-2602 | B6: Godrej Locker Batch | C6: Godrej | D6: P06 | E6: Base Plate | F6: Laser-2 | G6: In-House | H6: 46276 | I6: 46277 | J6: Bend-1 | K6: 46279 | P6: - | Q6: 46280 | S6: =MAX(H6,K6,N6,Q6) -> 46280 | T6: =IF(LEN(IF(AND(H6<>"",I6=""),"Laser Cutting, ","")&IF(AND(K6<>"",L6=""),"Bending, ","")&IF(AND(N6<>"",O6=""),"Welding, ","")&IF(AND(Q6<>"",R6=""),"QC, ",""))=0,"✅ All Done",LEFT((IF(AND(H6<>"",I6=""),"Laser Cutting, ","")&IF(AND(K6<>"",L6=""),"Bending, ","")&IF(AND(N6<>"",O6=""),"Welding, ","")&IF(AND(Q6<>"",R6=""),"QC, ","")),LEN(IF(AND(H6<>"",I6=""),"Laser Cutting, ","")&IF(AND(K6<>"",L6=""),"Bending, ","")&IF(AND(N6<>"",O6=""),"Welding, ","")&IF(AND(Q6<>"",R6=""),"QC, ",""))-2)) -> Bending, QC | U6: =IF(AND(H6<>"",I6=""),"Laser Cutting",IF(AND(K6<>"",L6=""),"Bending",IF(AND(N6<>"",O6=""),"Welding",IF(AND(Q6<>"",R6=""),"QC","✅ All Done")))) -> Bending | V6: =IF(AND(H6<>"",I6=""),H6,IF(AND(K6<>"",L6=""),K6,IF(AND(N6<>"",O6=""),N6,IF(AND(Q6<>"",R6=""),Q6,"")))) -> 46279 | W6: =IF(U6="✅ All Done","",IF(TODAY()>V6,TODAY()-V6,0)) -> 12 | X6: =IF(U6="✅ All Done","✅ Ready for Dispatch",IF(W6>0,"🔴 Delayed",IF(V6-TODAY()<=2,"🟠 At Risk","🟢 On Track"))) -> 🔴 Delayed | Y6: =IF(AND(AA6=0,S6=_xlfn.MAXIFS($S$3:$S$14,$B$3:$B$14,B6,$AA$3:$AA$14,0)),"⚠ Bottleneck","") | Z6: =B6&IF(Y6="⚠ Bottleneck","|BN","") -> Godrej Locker Batch | AA6: =IF(U6="✅ All Done",1,0) -> 0
A7: GDJ-2602 | B7: Godrej Locker Batch | C7: Godrej | D7: P07 | E7: Number Dial | F7: Laser-1 | G7: In-House | H7: 46276 | M7: Weld-2 | N7: 46281 | P7: - | Q7: 46283 | S7: =MAX(H7,K7,N7,Q7) -> 46283 | T7: =IF(LEN(IF(AND(H7<>"",I7=""),"Laser Cutting, ","")&IF(AND(K7<>"",L7=""),"Bending, ","")&IF(AND(N7<>"",O7=""),"Welding, ","")&IF(AND(Q7<>"",R7=""),"QC, ",""))=0,"✅ All Done",LEFT((IF(AND(H7<>"",I7=""),"Laser Cutting, ","")&IF(AND(K7<>"",L7=""),"Bending, ","")&IF(AND(N7<>"",O7=""),"Welding, ","")&IF(AND(Q7<>"",R7=""),"QC, ","")),LEN(IF(AND(H7<>"",I7=""),"Laser Cutting, ","")&IF(AND(K7<>"",L7=""),"Bending, ","")&IF(AND(N7<>"",O7=""),"Welding, ","")&IF(AND(Q7<>"",R7=""),"QC, ",""))-2)) -> Laser Cutting, Welding, QC | U7: =IF(AND(H7<>"",I7=""),"Laser Cutting",IF(AND(K7<>"",L7=""),"Bending",IF(AND(N7<>"",O7=""),"Welding",IF(AND(Q7<>"",R7=""),"QC","✅ All Done")))) -> Laser Cutting | V7: =IF(AND(H7<>"",I7=""),H7,IF(AND(K7<>"",L7=""),K7,IF(AND(N7<>"",O7=""),N7,IF(AND(Q7<>"",R7=""),Q7,"")))) -> 46276 | W7: =IF(U7="✅ All Done","",IF(TODAY()>V7,TODAY()-V7,0)) -> 15 | X7: =IF(U7="✅ All Done","✅ Ready for Dispatch",IF(W7>0,"🔴 Delayed",IF(V7-TODAY()<=2,"🟠 At Risk","🟢 On Track"))) -> 🔴 Delayed | Y7: =IF(AND(AA7=0,S7=_xlfn.MAXIFS($S$3:$S$14,$B$3:$B$14,B7,$AA$3:$AA$14,0)),"⚠ Bottleneck","") -> ⚠ Bottleneck | Z7: =B7&IF(Y7="⚠ Bottleneck","|BN","") -> Godrej Locker Batch|BN | AA7: =IF(U7="✅ All Done",1,0) -> 0
A8: JHN-2601 | B8: Johnson Bracket Set | C8: Johnson | D8: P01 | E8: Mount Bracket A | F8: Laser-1 | G8: In-House | H8: 46274 | I8: 46275 | M8: Weld-4 | N8: 46278 | O8: 46278 | P8: - | Q8: 46279 | S8: =MAX(H8,K8,N8,Q8) -> 46279 | T8: =IF(LEN(IF(AND(H8<>"",I8=""),"Laser Cutting, ","")&IF(AND(K8<>"",L8=""),"Bending, ","")&IF(AND(N8<>"",O8=""),"Welding, ","")&IF(AND(Q8<>"",R8=""),"QC, ",""))=0,"✅ All Done",LEFT((IF(AND(H8<>"",I8=""),"Laser Cutting, ","")&IF(AND(K8<>"",L8=""),"Bending, ","")&IF(AND(N8<>"",O8=""),"Welding, ","")&IF(AND(Q8<>"",R8=""),"QC, ","")),LEN(IF(AND(H8<>"",I8=""),"Laser Cutting, ","")&IF(AND(K8<>"",L8=""),"Bending, ","")&IF(AND(N8<>"",O8=""),"Welding, ","")&IF(AND(Q8<>"",R8=""),"QC, ",""))-2)) -> QC | U8: =IF(AND(H8<>"",I8=""),"Laser Cutting",IF(AND(K8<>"",L8=""),"Bending",IF(AND(N8<>"",O8=""),"Welding",IF(AND(Q8<>"",R8=""),"QC","✅ All Done")))) -> QC | V8: =IF(AND(H8<>"",I8=""),H8,IF(AND(K8<>"",L8=""),K8,IF(AND(N8<>"",O8=""),N8,IF(AND(Q8<>"",R8=""),Q8,"")))) -> 46279 | W8: =IF(U8="✅ All Done","",IF(TODAY()>V8,TODAY()-V8,0)) -> 12 | X8: =IF(U8="✅ All Done","✅ Ready for Dispatch",IF(W8>0,"🔴 Delayed",IF(V8-TODAY()<=2,"🟠 At Risk","🟢 On Track"))) -> 🔴 Delayed | Y8: =IF(AND(AA8=0,S8=_xlfn.MAXIFS($S$3:$S$14,$B$3:$B$14,B8,$AA$3:$AA$14,0)),"⚠ Bottleneck","") | Z8: =B8&IF(Y8="⚠ Bottleneck","|BN","") -> Johnson Bracket Set | AA8: =IF(U8="✅ All Done",1,0) -> 0
A9: JHN-2601 | B9: Johnson Bracket Set | C9: Johnson | D9: P03 | E9: Clamp Ring | F9: Laser-2 | G9: In-House | H9: 46276 | M9: Weld-4 | N9: 46279 | P9: - | Q9: 46280 | S9: =MAX(H9,K9,N9,Q9) -> 46280 | T9: =IF(LEN(IF(AND(H9<>"",I9=""),"Laser Cutting, ","")&IF(AND(K9<>"",L9=""),"Bending, ","")&IF(AND(N9<>"",O9=""),"Welding, ","")&IF(AND(Q9<>"",R9=""),"QC, ",""))=0,"✅ All Done",LEFT((IF(AND(H9<>"",I9=""),"Laser Cutting, ","")&IF(AND(K9<>"",L9=""),"Bending, ","")&IF(AND(N9<>"",O9=""),"Welding, ","")&IF(AND(Q9<>"",R9=""),"QC, ","")),LEN(IF(AND(H9<>"",I9=""),"Laser Cutting, ","")&IF(AND(K9<>"",L9=""),"Bending, ","")&IF(AND(N9<>"",O9=""),"Welding, ","")&IF(AND(Q9<>"",R9=""),"QC, ",""))-2)) -> Laser Cutting, Welding, QC | U9: =IF(AND(H9<>"",I9=""),"Laser Cutting",IF(AND(K9<>"",L9=""),"Bending",IF(AND(N9<>"",O9=""),"Welding",IF(AND(Q9<>"",R9=""),"QC","✅ All Done")))) -> Laser Cutting | V9: =IF(AND(H9<>"",I9=""),H9,IF(AND(K9<>"",L9=""),K9,IF(AND(N9<>"",O9=""),N9,IF(AND(Q9<>"",R9=""),Q9,"")))) -> 46276 | W9: =IF(U9="✅ All Done","",IF(TODAY()>V9,TODAY()-V9,0)) -> 15 | X9: =IF(U9="✅ All Done","✅ Ready for Dispatch",IF(W9>0,"🔴 Delayed",IF(V9-TODAY()<=2,"🟠 At Risk","🟢 On Track"))) -> 🔴 Delayed | Y9: =IF(AND(AA9=0,S9=_xlfn.MAXIFS($S$3:$S$14,$B$3:$B$14,B9,$AA$3:$AA$14,0)),"⚠ Bottleneck","") | Z9: =B9&IF(Y9="⚠ Bottleneck","|BN","") -> Johnson Bracket Set | AA9: =IF(U9="✅ All Done",1,0) -> 0
A10: JHN-2601 | B10: Johnson Bracket Set | C10: Johnson | D10: P04 | E10: Support Arm | G10: In-House | J10: Bend-1 | K10: 46280 | M10: Weld-5 | N10: 46282 | P10: - | Q10: 46283 | S10: =MAX(H10,K10,N10,Q10) -> 46283 | T10: =IF(LEN(IF(AND(H10<>"",I10=""),"Laser Cutting, ","")&IF(AND(K10<>"",L10=""),"Bending, ","")&IF(AND(N10<>"",O10=""),"Welding, ","")&IF(AND(Q10<>"",R10=""),"QC, ",""))=0,"✅ All Done",LEFT((IF(AND(H10<>"",I10=""),"Laser Cutting, ","")&IF(AND(K10<>"",L10=""),"Bending, ","")&IF(AND(N10<>"",O10=""),"Welding, ","")&IF(AND(Q10<>"",R10=""),"QC, ","")),LEN(IF(AND(H10<>"",I10=""),"Laser Cutting, ","")&IF(AND(K10<>"",L10=""),"Bending, ","")&IF(AND(N10<>"",O10=""),"Welding, ","")&IF(AND(Q10<>"",R10=""),"QC, ",""))-2)) -> Bending, Welding, QC | U10: =IF(AND(H10<>"",I10=""),"Laser Cutting",IF(AND(K10<>"",L10=""),"Bending",IF(AND(N10<>"",O10=""),"Welding",IF(AND(Q10<>"",R10=""),"QC","✅ All Done")))) -> Bending | V10: =IF(AND(H10<>"",I10=""),H10,IF(AND(K10<>"",L10=""),K10,IF(AND(N10<>"",O10=""),N10,IF(AND(Q10<>"",R10=""),Q10,"")))) -> 46280 | W10: =IF(U10="✅ All Done","",IF(TODAY()>V10,TODAY()-V10,0)) -> 11 | X10: =IF(U10="✅ All Done","✅ Ready for Dispatch",IF(W10>0,"🔴 Delayed",IF(V10-TODAY()<=2,"🟠 At Risk","🟢 On Track"))) -> 🔴 Delayed | Y10: =IF(AND(AA10=0,S10=_xlfn.MAXIFS($S$3:$S$14,$B$3:$B$14,B10,$AA$3:$AA$14,0)),"⚠ Bottleneck","") -> ⚠ Bottleneck | Z10: =B10&IF(Y10="⚠ Bottleneck","|BN","") -> Johnson Bracket Set|BN | AA10: =IF(U10="✅ All Done",1,0) -> 0
A11: WIN-2601 | B11: Wheels India Rim Set | C11: Wheels India | D11: P01 | E11: Rim Segment A | F11: Laser-2 | G11: In-House | H11: 46274 | I11: 46275 | J11: Bend-1 | K11: 46276 | M11: Weld-6 | N11: 46278 | P11: - | Q11: 46279 | S11: =MAX(H11,K11,N11,Q11) -> 46279 | T11: =IF(LEN(IF(AND(H11<>"",I11=""),"Laser Cutting, ","")&IF(AND(K11<>"",L11=""),"Bending, ","")&IF(AND(N11<>"",O11=""),"Welding, ","")&IF(AND(Q11<>"",R11=""),"QC, ",""))=0,"✅ All Done",LEFT((IF(AND(H11<>"",I11=""),"Laser Cutting, ","")&IF(AND(K11<>"",L11=""),"Bending, ","")&IF(AND(N11<>"",O11=""),"Welding, ","")&IF(AND(Q11<>"",R11=""),"QC, ","")),LEN(IF(AND(H11<>"",I11=""),"Laser Cutting, ","")&IF(AND(K11<>"",L11=""),"Bending, ","")&IF(AND(N11<>"",O11=""),"Welding, ","")&IF(AND(Q11<>"",R11=""),"QC, ",""))-2)) -> Bending, Welding, QC | U11: =IF(AND(H11<>"",I11=""),"Laser Cutting",IF(AND(K11<>"",L11=""),"Bending",IF(AND(N11<>"",O11=""),"Welding",IF(AND(Q11<>"",R11=""),"QC","✅ All Done")))) -> Bending | V11: =IF(AND(H11<>"",I11=""),H11,IF(AND(K11<>"",L11=""),K11,IF(AND(N11<>"",O11=""),N11,IF(AND(Q11<>"",R11=""),Q11,"")))) -> 46276 | W11: =IF(U11="✅ All Done","",IF(TODAY()>V11,TODAY()-V11,0)) -> 15 | X11: =IF(U11="✅ All Done","✅ Ready for Dispatch",IF(W11>0,"🔴 Delayed",IF(V11-TODAY()<=2,"🟠 At Risk","🟢 On Track"))) -> 🔴 Delayed | Y11: =IF(AND(AA11=0,S11=_xlfn.MAXIFS($S$3:$S$14,$B$3:$B$14,B11,$AA$3:$AA$14,0)),"⚠ Bottleneck","") | Z11: =B11&IF(Y11="⚠ Bottleneck","|BN","") -> Wheels India Rim Set | AA11: =IF(U11="✅ All Done",1,0) -> 0
A12: WIN-2601 | B12: Wheels India Rim Set | C12: Wheels India | D12: P04 | E12: Spoke Bracket | F12: Laser-1 | G12: In-House | H12: 46277 | M12: Weld-6 | N12: 46281 | P12: - | Q12: 46282 | S12: =MAX(H12,K12,N12,Q12) -> 46282 | T12: =IF(LEN(IF(AND(H12<>"",I12=""),"Laser Cutting, ","")&IF(AND(K12<>"",L12=""),"Bending, ","")&IF(AND(N12<>"",O12=""),"Welding, ","")&IF(AND(Q12<>"",R12=""),"QC, ",""))=0,"✅ All Done",LEFT((IF(AND(H12<>"",I12=""),"Laser Cutting, ","")&IF(AND(K12<>"",L12=""),"Bending, ","")&IF(AND(N12<>"",O12=""),"Welding, ","")&IF(AND(Q12<>"",R12=""),"QC, ","")),LEN(IF(AND(H12<>"",I12=""),"Laser Cutting, ","")&IF(AND(K12<>"",L12=""),"Bending, ","")&IF(AND(N12<>"",O12=""),"Welding, ","")&IF(AND(Q12<>"",R12=""),"QC, ",""))-2)) -> Laser Cutting, Welding, QC | U12: =IF(AND(H12<>"",I12=""),"Laser Cutting",IF(AND(K12<>"",L12=""),"Bending",IF(AND(N12<>"",O12=""),"Welding",IF(AND(Q12<>"",R12=""),"QC","✅ All Done")))) -> Laser Cutting | V12: =IF(AND(H12<>"",I12=""),H12,IF(AND(K12<>"",L12=""),K12,IF(AND(N12<>"",O12=""),N12,IF(AND(Q12<>"",R12=""),Q12,"")))) -> 46277 | W12: =IF(U12="✅ All Done","",IF(TODAY()>V12,TODAY()-V12,0)) -> 14 | X12: =IF(U12="✅ All Done","✅ Ready for Dispatch",IF(W12>0,"🔴 Delayed",IF(V12-TODAY()<=2,"🟠 At Risk","🟢 On Track"))) -> 🔴 Delayed | Y12: =IF(AND(AA12=0,S12=_xlfn.MAXIFS($S$3:$S$14,$B$3:$B$14,B12,$AA$3:$AA$14,0)),"⚠ Bottleneck","") -> ⚠ Bottleneck | Z12: =B12&IF(Y12="⚠ Bottleneck","|BN","") -> Wheels India Rim Set|BN | AA12: =IF(U12="✅ All Done",1,0) -> 0
A13: SWT-2601 | B13: Switch Panel Batch | C13: Switch | D13: P01 | E13: Panel Frame | G13: In-House | M13: Weld-7 | N13: 46278 | P13: - | Q13: 46279 | S13: =MAX(H13,K13,N13,Q13) -> 46279 | T13: =IF(LEN(IF(AND(H13<>"",I13=""),"Laser Cutting, ","")&IF(AND(K13<>"",L13=""),"Bending, ","")&IF(AND(N13<>"",O13=""),"Welding, ","")&IF(AND(Q13<>"",R13=""),"QC, ",""))=0,"✅ All Done",LEFT((IF(AND(H13<>"",I13=""),"Laser Cutting, ","")&IF(AND(K13<>"",L13=""),"Bending, ","")&IF(AND(N13<>"",O13=""),"Welding, ","")&IF(AND(Q13<>"",R13=""),"QC, ","")),LEN(IF(AND(H13<>"",I13=""),"Laser Cutting, ","")&IF(AND(K13<>"",L13=""),"Bending, ","")&IF(AND(N13<>"",O13=""),"Welding, ","")&IF(AND(Q13<>"",R13=""),"QC, ",""))-2)) -> Welding, QC | U13: =IF(AND(H13<>"",I13=""),"Laser Cutting",IF(AND(K13<>"",L13=""),"Bending",IF(AND(N13<>"",O13=""),"Welding",IF(AND(Q13<>"",R13=""),"QC","✅ All Done")))) -> Welding | V13: =IF(AND(H13<>"",I13=""),H13,IF(AND(K13<>"",L13=""),K13,IF(AND(N13<>"",O13=""),N13,IF(AND(Q13<>"",R13=""),Q13,"")))) -> 46278 | W13: =IF(U13="✅ All Done","",IF(TODAY()>V13,TODAY()-V13,0)) -> 13 | X13: =IF(U13="✅ All Done","✅ Ready for Dispatch",IF(W13>0,"🔴 Delayed",IF(V13-TODAY()<=2,"🟠 At Risk","🟢 On Track"))) -> 🔴 Delayed | Y13: =IF(AND(AA13=0,S13=_xlfn.MAXIFS($S$3:$S$14,$B$3:$B$14,B13,$AA$3:$AA$14,0)),"⚠ Bottleneck","") | Z13: =B13&IF(Y13="⚠ Bottleneck","|BN","") -> Switch Panel Batch | AA13: =IF(U13="✅ All Done",1,0) -> 0
A14: SWT-2601 | B14: Switch Panel Batch | C14: Switch | D14: P03 | E14: Mount Base | G14: In-House | M14: Weld-8 | N14: 46280 | P14: - | Q14: 46281 | S14: =MAX(H14,K14,N14,Q14) -> 46281 | T14: =IF(LEN(IF(AND(H14<>"",I14=""),"Laser Cutting, ","")&IF(AND(K14<>"",L14=""),"Bending, ","")&IF(AND(N14<>"",O14=""),"Welding, ","")&IF(AND(Q14<>"",R14=""),"QC, ",""))=0,"✅ All Done",LEFT((IF(AND(H14<>"",I14=""),"Laser Cutting, ","")&IF(AND(K14<>"",L14=""),"Bending, ","")&IF(AND(N14<>"",O14=""),"Welding, ","")&IF(AND(Q14<>"",R14=""),"QC, ","")),LEN(IF(AND(H14<>"",I14=""),"Laser Cutting, ","")&IF(AND(K14<>"",L14=""),"Bending, ","")&IF(AND(N14<>"",O14=""),"Welding, ","")&IF(AND(Q14<>"",R14=""),"QC, ",""))-2)) -> Welding, QC | U14: =IF(AND(H14<>"",I14=""),"Laser Cutting",IF(AND(K14<>"",L14=""),"Bending",IF(AND(N14<>"",O14=""),"Welding",IF(AND(Q14<>"",R14=""),"QC","✅ All Done")))) -> Welding | V14: =IF(AND(H14<>"",I14=""),H14,IF(AND(K14<>"",L14=""),K14,IF(AND(N14<>"",O14=""),N14,IF(AND(Q14<>"",R14=""),Q14,"")))) -> 46280 | W14: =IF(U14="✅ All Done","",IF(TODAY()>V14,TODAY()-V14,0)) -> 11 | X14: =IF(U14="✅ All Done","✅ Ready for Dispatch",IF(W14>0,"🔴 Delayed",IF(V14-TODAY()<=2,"🟠 At Risk","🟢 On Track"))) -> 🔴 Delayed | Y14: =IF(AND(AA14=0,S14=_xlfn.MAXIFS($S$3:$S$14,$B$3:$B$14,B14,$AA$3:$AA$14,0)),"⚠ Bottleneck","") -> ⚠ Bottleneck | Z14: =B14&IF(Y14="⚠ Bottleneck","|BN","") -> Switch Panel Batch|BN | AA14: =IF(U14="✅ All Done",1,0) -> 0

Sheet Project Summary
A1: Order No | B1: Project Name | C1: Customer | D1: Promised Dispatch Date | E1: Total Parts | F1: Parts Completed | G1: Parts Remaining | H1: Bottleneck Part | I1: Bottleneck Planned Date | J1: Days to Dispatch | K1: Project Status
A2: GDJ-2601 | B2: Godrej Almirah Line | C2: Godrej | D2: 46282 | E2: =COUNTIFS('Parts Tracker'!$B$3:$B$14,B2) -> 3 | F2: =COUNTIFS('Parts Tracker'!$B$3:$B$14,B2,'Parts Tracker'!$AA$3:$AA$14,1) -> 3 | G2: =E2-F2 -> 0 | H2: =IFERROR(INDEX('Parts Tracker'!$E$3:$E$14,MATCH(B2&"|BN",'Parts Tracker'!$Z$3:$Z$14,0)),"-") -> - | I2: =IFERROR(INDEX('Parts Tracker'!$S$3:$S$14,MATCH(B2&"|BN",'Parts Tracker'!$Z$3:$Z$14,0)),"-") -> - | J2: =D2-TODAY() -> -9 | K2: =IF(F2=E2,"✅ Ready to Dispatch",IF(J2<0,"🔴 Delayed",IF(J2<=2,"🟠 At Risk","🟢 On Track"))) -> ✅ Ready to Dispatch
A3: GDJ-2602 | B3: Godrej Locker Batch | C3: Godrej | D3: 46279 | E3: =COUNTIFS('Parts Tracker'!$B$3:$B$14,B3) -> 2 | F3: =COUNTIFS('Parts Tracker'!$B$3:$B$14,B3,'Parts Tracker'!$AA$3:$AA$14,1) -> 0 | G3: =E3-F3 -> 2 | H3: =IFERROR(INDEX('Parts Tracker'!$E$3:$E$14,MATCH(B3&"|BN",'Parts Tracker'!$Z$3:$Z$14,0)),"-") -> Number Dial | I3: =IFERROR(INDEX('Parts Tracker'!$S$3:$S$14,MATCH(B3&"|BN",'Parts Tracker'!$Z$3:$Z$14,0)),"-") -> 46283 | J3: =D3-TODAY() -> -12 | K3: =IF(F3=E3,"✅ Ready to Dispatch",IF(J3<0,"🔴 Delayed",IF(J3<=2,"🟠 At Risk","🟢 On Track"))) -> 🔴 Delayed
A4: JHN-2601 | B4: Johnson Bracket Set | C4: Johnson | D4: 46280 | E4: =COUNTIFS('Parts Tracker'!$B$3:$B$14,B4) -> 3 | F4: =COUNTIFS('Parts Tracker'!$B$3:$B$14,B4,'Parts Tracker'!$AA$3:$AA$14,1) -> 0 | G4: =E4-F4 -> 3 | H4: =IFERROR(INDEX('Parts Tracker'!$E$3:$E$14,MATCH(B4&"|BN",'Parts Tracker'!$Z$3:$Z$14,0)),"-") -> Support Arm | I4: =IFERROR(INDEX('Parts Tracker'!$S$3:$S$14,MATCH(B4&"|BN",'Parts Tracker'!$Z$3:$Z$14,0)),"-") -> 46283 | J4: =D4-TODAY() -> -11 | K4: =IF(F4=E4,"✅ Ready to Dispatch",IF(J4<0,"🔴 Delayed",IF(J4<=2,"🟠 At Risk","🟢 On Track"))) -> 🔴 Delayed
A5: WIN-2601 | B5: Wheels India Rim Set | C5: Wheels India | D5: 46281 | E5: =COUNTIFS('Parts Tracker'!$B$3:$B$14,B5) -> 2 | F5: =COUNTIFS('Parts Tracker'!$B$3:$B$14,B5,'Parts Tracker'!$AA$3:$AA$14,1) -> 0 | G5: =E5-F5 -> 2 | H5: =IFERROR(INDEX('Parts Tracker'!$E$3:$E$14,MATCH(B5&"|BN",'Parts Tracker'!$Z$3:$Z$14,0)),"-") -> Spoke Bracket | I5: =IFERROR(INDEX('Parts Tracker'!$S$3:$S$14,MATCH(B5&"|BN",'Parts Tracker'!$Z$3:$Z$14,0)),"-") -> 46282 | J5: =D5-TODAY() -> -10 | K5: =IF(F5=E5,"✅ Ready to Dispatch",IF(J5<0,"🔴 Delayed",IF(J5<=2,"🟠 At Risk","🟢 On Track"))) -> 🔴 Delayed
A6: SWT-2601 | B6: Switch Panel Batch | C6: Switch | D6: 46279 | E6: =COUNTIFS('Parts Tracker'!$B$3:$B$14,B6) -> 2 | F6: =COUNTIFS('Parts Tracker'!$B$3:$B$14,B6,'Parts Tracker'!$AA$3:$AA$14,1) -> 0 | G6: =E6-F6 -> 2 | H6: =IFERROR(INDEX('Parts Tracker'!$E$3:$E$14,MATCH(B6&"|BN",'Parts Tracker'!$Z$3:$Z$14,0)),"-") -> Mount Base | I6: =IFERROR(INDEX('Parts Tracker'!$S$3:$S$14,MATCH(B6&"|BN",'Parts Tracker'!$Z$3:$Z$14,0)),"-") -> 46281 | J6: =D6-TODAY() -> -12 | K6: =IF(F6=E6,"✅ Ready to Dispatch",IF(J6<0,"🔴 Delayed",IF(J6<=2,"🟠 At Risk","🟢 On Track"))) -> 🔴 Delayed
B8: Bottleneck Part = the part with the latest 'Final Planned Dispatch' date among parts not yet fully done in that project.

Sheet Machine Load
A1: Machine | B1: Station Type | C1: Parts Queued (not completed) | D1: Next Due Date | E1: Load Status
A2: Bend-1 | B2: Bending | C2: =COUNTIFS('Parts Tracker'!$J$3:$J$14,A2,'Parts Tracker'!$L$3:$L$14,"") -> 3 | D2: =IF(C2=0,"-",_xlfn.MINIFS('Parts Tracker'!$K$3:$K$14,'Parts Tracker'!$J$3:$J$14,A2,'Parts Tracker'!$L$3:$L$14,"")) -> 46276 | E2: =IF(C2>=3,"🔴 Overloaded",IF(C2>=1,"🟠 Busy","🟢 Available")) -> 🔴 Overloaded
A3: Laser-1 | B3: Laser Cutting | C3: =COUNTIFS('Parts Tracker'!$F$3:$F$14,A3,'Parts Tracker'!$I$3:$I$14,"") -> 2 | D3: =IF(C3=0,"-",_xlfn.MINIFS('Parts Tracker'!$H$3:$H$14,'Parts Tracker'!$F$3:$F$14,A3,'Parts Tracker'!$I$3:$I$14,"")) -> 46276 | E3: =IF(C3>=3,"🔴 Overloaded",IF(C3>=1,"🟠 Busy","🟢 Available")) -> 🟠 Busy
A4: Laser-2 | B4: Laser Cutting | C4: =COUNTIFS('Parts Tracker'!$F$3:$F$14,A4,'Parts Tracker'!$I$3:$I$14,"") -> 1 | D4: =IF(C4=0,"-",_xlfn.MINIFS('Parts Tracker'!$H$3:$H$14,'Parts Tracker'!$F$3:$F$14,A4,'Parts Tracker'!$I$3:$I$14,"")) -> 46276 | E4: =IF(C4>=3,"🔴 Overloaded",IF(C4>=1,"🟠 Busy","🟢 Available")) -> 🟠 Busy
A5: Weld-1 | B5: Welding | C5: =COUNTIFS('Parts Tracker'!$M$3:$M$14,A5,'Parts Tracker'!$O$3:$O$14,"") -> 0 | D5: =IF(C5=0,"-",_xlfn.MINIFS('Parts Tracker'!$N$3:$N$14,'Parts Tracker'!$M$3:$M$14,A5,'Parts Tracker'!$O$3:$O$14,"")) -> - | E5: =IF(C5>=3,"🔴 Overloaded",IF(C5>=1,"🟠 Busy","🟢 Available")) -> 🟢 Available
A6: Weld-2 | B6: Welding | C6: =COUNTIFS('Parts Tracker'!$M$3:$M$14,A6,'Parts Tracker'!$O$3:$O$14,"") -> 1 | D6: =IF(C6=0,"-",_xlfn.MINIFS('Parts Tracker'!$N$3:$N$14,'Parts Tracker'!$M$3:$M$14,A6,'Parts Tracker'!$O$3:$O$14,"")) -> 46281 | E6: =IF(C6>=3,"🔴 Overloaded",IF(C6>=1,"🟠 Busy","🟢 Available")) -> 🟠 Busy
A7: Weld-3 | B7: Welding | C7: =COUNTIFS('Parts Tracker'!$M$3:$M$14,A7,'Parts Tracker'!$O$3:$O$14,"") -> 0 | D7: =IF(C7=0,"-",_xlfn.MINIFS('Parts Tracker'!$N$3:$N$14,'Parts Tracker'!$M$3:$M$14,A7,'Parts Tracker'!$O$3:$O$14,"")) -> - | E7: =IF(C7>=3,"🔴 Overloaded",IF(C7>=1,"🟠 Busy","🟢 Available")) -> 🟢 Available
A8: Weld-4 | B8: Welding | C8: =COUNTIFS('Parts Tracker'!$M$3:$M$14,A8,'Parts Tracker'!$O$3:$O$14,"") -> 1 | D8: =IF(C8=0,"-",_xlfn.MINIFS('Parts Tracker'!$N$3:$N$14,'Parts Tracker'!$M$3:$M$14,A8,'Parts Tracker'!$O$3:$O$14,"")) -> 46279 | E8: =IF(C8>=3,"🔴 Overloaded",IF(C8>=1,"🟠 Busy","🟢 Available")) -> 🟠 Busy
A9: Weld-5 | B9: Welding | C9: =COUNTIFS('Parts Tracker'!$M$3:$M$14,A9,'Parts Tracker'!$O$3:$O$14,"") -> 1 | D9: =IF(C9=0,"-",_xlfn.MINIFS('Parts Tracker'!$N$3:$N$14,'Parts Tracker'!$M$3:$M$14,A9,'Parts Tracker'!$O$3:$O$14,"")) -> 46282 | E9: =IF(C9>=3,"🔴 Overloaded",IF(C9>=1,"🟠 Busy","🟢 Available")) -> 🟠 Busy
A10: Weld-6 | B10: Welding | C10: =COUNTIFS('Parts Tracker'!$M$3:$M$14,A10,'Parts Tracker'!$O$3:$O$14,"") -> 2 | D10: =IF(C10=0,"-",_xlfn.MINIFS('Parts Tracker'!$N$3:$N$14,'Parts Tracker'!$M$3:$M$14,A10,'Parts Tracker'!$O$3:$O$14,"")) -> 46278 | E10: =IF(C10>=3,"🔴 Overloaded",IF(C10>=1,"🟠 Busy","🟢 Available")) -> 🟠 Busy
A11: Weld-7 | B11: Welding | C11: =COUNTIFS('Parts Tracker'!$M$3:$M$14,A11,'Parts Tracker'!$O$3:$O$14,"") -> 1 | D11: =IF(C11=0,"-",_xlfn.MINIFS('Parts Tracker'!$N$3:$N$14,'Parts Tracker'!$M$3:$M$14,A11,'Parts Tracker'!$O$3:$O$14,"")) -> 46278 | E11: =IF(C11>=3,"🔴 Overloaded",IF(C11>=1,"🟠 Busy","🟢 Available")) -> 🟠 Busy
A12: Weld-8 | B12: Welding | C12: =COUNTIFS('Parts Tracker'!$M$3:$M$14,A12,'Parts Tracker'!$O$3:$O$14,"") -> 1 | D12: =IF(C12=0,"-",_xlfn.MINIFS('Parts Tracker'!$N$3:$N$14,'Parts Tracker'!$M$3:$M$14,A12,'Parts Tracker'!$O$3:$O$14,"")) -> 46280 | E12: =IF(C12>=3,"🔴 Overloaded",IF(C12>=1,"🟠 Busy","🟢 Available")) -> 🟠 Busy
A14: A machine can appear as the target for a part even if that part's turn hasn't arrived yet (earlier operations not done) — this counts every part currently assigned to it that isn't finished.
